{
  "correlations": {
    "convergence_step": {
      "log_length": {
        "pearson_r": 0.1462862039327076,
        "pearson_p": 0.0980804734730722,
        "spearman_r": 0.22255636044837646,
        "spearman_p": 0.011243825935755146,
        "n": 129
      },
      "log_width": {
        "pearson_r": 0.2528789469593937,
        "pearson_p": 0.003835974838715232,
        "spearman_r": 0.2744066773829402,
        "spearman_p": 0.0016497657215238642,
        "n": 129
      },
      "log_depth": {
        "pearson_r": 0.07189376351912245,
        "pearson_p": 0.4181374757828987,
        "spearman_r": 0.11210742064873895,
        "spearman_p": 0.205909482077959,
        "n": 129
      },
      "log_space": {
        "pearson_r": 0.15286673469784498,
        "pearson_p": 0.08371729445148618,
        "spearman_r": 0.2224264108899757,
        "spearman_p": 0.0112926574966972,
        "n": 129
      },
      "length_per_var": {
        "pearson_r": -0.0032171282882421798,
        "pearson_p": 0.9711356512197024,
        "spearman_r": 0.15126196700101324,
        "spearman_p": 0.08705453587215235,
        "n": 129
      },
      "width_per_var": {
        "pearson_r": -0.04460617738801633,
        "pearson_p": 0.6157044330743835,
        "spearman_r": 0.013691710977442782,
        "spearman_p": 0.8776085250765825,
        "n": 129
      },
      "depth_per_var": {
        "pearson_r": -0.036895566781405445,
        "pearson_p": 0.6780572299320261,
        "spearman_r": 0.04006015801675967,
        "spearman_p": 0.6521709730217671,
        "n": 129
      },
      "space_per_var": {
        "pearson_r": -0.14538145310783934,
        "pearson_p": 0.10019893037713419,
        "spearman_r": -0.11726504170126584,
        "spearman_p": 0.18567503328168236,
        "n": 129
      },
      "clause_var_ratio": {
        "pearson_r": -0.06372686995048471,
        "pearson_p": 0.47307622386529025,
        "spearman_r": -0.05306323664509992,
        "spearman_p": 0.5503489182673339,
        "n": 129
      },
      "formula_width": {
        "pearson_r": 0.12101082382158612,
        "pearson_p": 0.17191800495503712,
        "spearman_r": 0.04728323729937223,
        "spearman_p": 0.594653319180533,
        "n": 129
      },
      "log_complexity_product": {
        "pearson_r": 0.18069186740784082,
        "pearson_p": 0.040443639834848666,
        "spearman_r": 0.26083641018191106,
        "spearman_p": 0.0028306173905328137,
        "n": 129
      }
    },
    "convergence_rate": {
      "log_length": {
        "pearson_r": -0.7556906267273078,
        "pearson_p": 4.216881306004737e-25,
        "spearman_r": -0.8404480848222978,
        "spearman_p": 1.3496118574944639e-35,
        "n": 129
      },
      "log_width": {
        "pearson_r": -0.7476191577391628,
        "pearson_p": 2.5051691313251794e-24,
        "spearman_r": -0.6338051217184231,
        "spearman_p": 7.521304864583669e-16,
        "n": 129
      },
      "log_depth": {
        "pearson_r": -0.5939628736379416,
        "pearson_p": 1.1769029876338712e-13,
        "spearman_r": -0.6778433698962824,
        "spearman_p": 1.1172555448461017e-18,
        "n": 129
      },
      "log_space": {
        "pearson_r": -0.7262146206716562,
        "pearson_p": 2.071196880983284e-22,
        "spearman_r": -0.7814964628816713,
        "spearman_p": 8.601894791894035e-28,
        "n": 129
      },
      "length_per_var": {
        "pearson_r": -0.42506557036981124,
        "pearson_p": 5.138946973711498e-07,
        "spearman_r": -0.49218802119108723,
        "spearman_p": 3.140637574886e-09,
        "n": 129
      },
      "width_per_var": {
        "pearson_r": 0.20683119251495716,
        "pearson_p": 0.018684067701499735,
        "spearman_r": 0.3761151943296569,
        "spearman_p": 1.1196743840313394e-05,
        "n": 129
      },
      "depth_per_var": {
        "pearson_r": -0.2796584876335138,
        "pearson_p": 0.0013287967711146922,
        "spearman_r": -0.354623112819906,
        "spearman_p": 3.733703863792477e-05,
        "n": 129
      },
      "space_per_var": {
        "pearson_r": 0.3734956916466253,
        "pearson_p": 1.3027277424096215e-05,
        "spearman_r": 0.4156108207570667,
        "spearman_p": 9.686246551280207e-07,
        "n": 129
      },
      "clause_var_ratio": {
        "pearson_r": 0.06679092518240021,
        "pearson_p": 0.45201758039763734,
        "spearman_r": 0.004232885718414901,
        "spearman_p": 0.9620281746495427,
        "n": 129
      },
      "formula_width": {
        "pearson_r": -0.2555355186799359,
        "pearson_p": 0.003469407923224417,
        "spearman_r": -0.31034368321757383,
        "spearman_p": 0.00034449690305056723,
        "n": 129
      },
      "log_complexity_product": {
        "pearson_r": -0.9152343160762197,
        "pearson_p": 5.624280258051609e-52,
        "spearman_r": -0.991323066262203,
        "spearman_p": 8.603343271849659e-114,
        "n": 129
      }
    },
    "final_accuracy": {
      "log_length": {
        "pearson_r": -0.5505371610872336,
        "pearson_p": 1.3888093062017136e-11,
        "spearman_r": -0.6153318638882338,
        "spearman_p": 8.556736201172553e-15,
        "n": 129
      },
      "log_width": {
        "pearson_r": -0.4062697099186193,
        "pearson_p": 1.7782995704185106e-06,
        "spearman_r": -0.3825726029717922,
        "spearman_p": 7.665447736276184e-06,
        "n": 129
      },
      "log_depth": {
        "pearson_r": -0.5135159067485237,
        "pearson_p": 4.87209888743711e-10,
        "spearman_r": -0.5090101044638382,
        "spearman_p": 7.300684763201505e-10,
        "n": 129
      },
      "log_space": {
        "pearson_r": -0.5062296865142428,
        "pearson_p": 9.34289776211194e-10,
        "spearman_r": -0.4960542249541328,
        "spearman_p": 2.261565349842467e-09,
        "n": 129
      },
      "length_per_var": {
        "pearson_r": -0.35151073126124577,
        "pearson_p": 4.413937061938141e-05,
        "spearman_r": -0.4012945831735726,
        "spearman_p": 2.439554341882899e-06,
        "n": 129
      },
      "width_per_var": {
        "pearson_r": 0.2637355360157561,
        "pearson_p": 0.0025280782958169786,
        "spearman_r": 0.19737415188106394,
        "spearman_p": 0.024959894734041983,
        "n": 129
      },
      "depth_per_var": {
        "pearson_r": -0.2853440222433255,
        "pearson_p": 0.0010463347413663952,
        "spearman_r": -0.3176629662931888,
        "spearman_p": 0.0002441434244390017,
        "n": 129
      },
      "space_per_var": {
        "pearson_r": 0.27844402892080744,
        "pearson_p": 0.0013974917234611613,
        "spearman_r": 0.20497651780494733,
        "spearman_p": 0.01979426863820108,
        "n": 129
      },
      "clause_var_ratio": {
        "pearson_r": -0.08362838308806854,
        "pearson_p": 0.3460684708558476,
        "spearman_r": -0.05818936925908059,
        "spearman_p": 0.5124505650576947,
        "n": 129
      },
      "formula_width": {
        "pearson_r": -0.2761311411824568,
        "pearson_p": 0.001537337910956333,
        "spearman_r": -0.18890579504356603,
        "spearman_p": 0.03203153192239164,
        "n": 129
      },
      "log_complexity_product": {
        "pearson_r": -0.6739205028947529,
        "pearson_p": 2.088433200866549e-18,
        "spearman_r": -0.6999364670475925,
        "spearman_p": 2.7302442632860485e-20,
        "n": 129
      }
    }
  },
  "regression": {
    "convergence_step": {
      "r_squared": 0.07966424026971519,
      "coefficients": {
        "log_length": 0.3555640276539721,
        "log_width": 2.1624385779021598,
        "log_depth": -2.0516659558132675,
        "log_space": -1.1930868260652274,
        "length_per_var": -0.8536846279290428,
        "width_per_var": -4.86775754750722,
        "depth_per_var": 1.302157128799754,
        "space_per_var": 2.061695820683342,
        "clause_var_ratio": 0.2308732177639268,