{
  "theorem1_rate_width": {
    "n_instances": 86,
    "C_empirical": 6.564773006373002,
    "mean_lambda_times_w": 1.1944182693459173,
    "std_lambda_times_w": 0.8930312735714466,
    "cv_lambda_times_w": 0.7476704739793414,
    "linear_slope": -0.08057530538280795,
    "linear_r": -0.09285800878402259,
    "linear_p": 0.39512041767666745
  },
  "theorem2_accuracy_length": {
    "n_instances": 129,
    "log_error_vs_log_length_slope": 0.12874153643929162,
    "log_error_vs_log_length_r": 0.7523543192176209,
    "log_error_vs_log_length_p": 8.880995910592148e-25,
    "spearman_length_accuracy_r": -0.7663572287331564,
    "spearman_length_accuracy_p": 3.589042467771469e-26,
    "mean_final_accuracy": 0.9323565891472868,
    "accuracy_range": [
      0.88,
      0.972
    ]
  },
  "theorem3_self_consistency": {
    "n_needed_for_95pct": {
      "0.55": Infinity,
      "0.6": 67,
      "0.65": 29,
      "0.7": 17,
      "0.75": 9,
      "0.8": 7,
      "0.85": 5,
      "0.9": 3,
      "0.95": 1
    },
    "correlation_actual_vs_predicted": 1.0,
    "correlation_p_value": 0.0,
    "amplification_table": [
      {
        "base_accuracy": 0.55,
        "exact_N1": 0.55,
        "hoeffding_N1": 0.00498752080731768,
        "exact_N3": 0.5747500000000001,
        "hoeffding_N3": 0.014888060396937353,
        "exact_N5": 0.593126875,
        "hoeffding_N5": 0.024690087971667385,
        "exact_N9": 0.6214209454492188,
        "hoeffding_N9": 0.04400251816690015,
        "exact_N15": 0.653503925147094,
        "hoeffding_N15": 0.07225651367144725,
        "exact_N21": 0.6790033851966061,
        "hoeffding_N21": 0.0996754774137345,
        "exact_N31": 0.7131799103884428,
        "hoeffding_N31": 0.1435848225163867,
        "exact_N63": 0.7878220089706688,
        "hoeffding_N63": 0.27021112573094364
      },
      {
        "base_accuracy": 0.6,
        "exact_N1": 0.6,
        "hoeffding_N1": 0.019801326693244636,
        "exact_N3": 0.6479999999999999,
        "hoeffding_N3": 0.05823546641575128,
        "exact_N5": 0.68256,
        "hoeffding_N5": 0.09516258196404037,
        "exact_N9": 0.7334323199999999,
        "hoeffding_N9": 0.1647297885887279,
        "exact_N15": 0.786896817389568,
        "hoeffding_N15": 0.259181779318282,
        "exact_N21": 0.8256221336382272,
        "hoeffding_N21": 0.34295318018494314,
        "exact_N31": 0.8716182723048189,
        "hoeffding_N31": 0.4620555624053253,
        "exact_N63": 0.9463094246240465,
        "hoeffding_N63": 0.7163459735002294
      },
      {
        "base_accuracy": 0.65,
        "exact_N1": 0.65,
        "hoeffding_N1": 0.04400251816690015,
        "exact_N3": 0.71825,
        "hoeffding_N3": 0.12628408831196558,
        "exact_N5": 0.7648306250000001,
        "hoeffding_N5": 0.20148378124062305,
        "exact_N9": 0.8282807144726563,
        "hoeffding_N9": 0.33302318914152573,
        "exact_N15": 0.8867688692244357,
        "hoeffding_N15": 0.49084357939245093,
        "exact_N21": 0.9228184954319947,
        "hoeffding_N21": 0.611320429098247,
        "exact_N31": 0.9576291842096181,
        "hoeffding_N31": 0.7521669636327714,
        "exact_N63": 0.9928034794312819,
        "hoeffding_N63": 0.9412814741661277
      },
      {
        "base_accuracy": 0.7,
        "exact_N1": 0.7,
        "hoeffding_N1": 0.07688365361336413,
        "exact_N3": 0.7839999999999999,
        "hoeffding_N3": 0.21337213893344653,
        "exact_N5": 0.8369199999999999,
        "hoeffding_N5": 0.32967995396436056,
        "exact_N9": 0.90119134,
        "hoeffding_N9": 0.5132477440400282,
        "exact_N15": 0.9499874599462239,
        "hoeffding_N15": 0.6988057880877977,
        "exact_N21": 0.973610059298716,
        "hoeffding_N21": 0.8136260239605899,
        "exact_N31": 0.9904595640881166,
        "hoeffding_N31": 0.916256774407804,
        "exact_N63": 0.9995620423875147,
        "hoeffding_N63": 0.9935262516817106
      },
      {
        "base_accuracy": 0.75,
        "exact_N1": 0.75,
        "hoeffding_N1": 0.11750309741540454,
        "exact_N3": 0.84375,
        "hoeffding_N3": 0.31271072120902776,
        "exact_N5": 0.896484375,
        "hoeffding_N5": 0.4647385714810097,
        "exact_N9": 0.9510726928710938,
        "hoeffding_N9": 0.6753475326416503,
        "exact_N15": 0.9827001616358757,
        "hoeffding_N15": 0.8466450331550716,
        "exact_N21": 0.9935772895159971,
        "hoeffding_N21": 0.9275602429657486,
        "exact_N31": 0.998698374600457,
        "hoeffding_N31": 0.9792456621263003,
        "exact_N63": 0.9999904240392676,
        "hoeffding_N63": 0.9996198710421306
      },
      {
        "base_accuracy": 0.8,
        "exact_N1": 0.8,
        "hoeffding_N1": 0.164729788588728,
        "exact_N3": 0.896,
        "hoeffding_N3": 0.41725174762601047,
        "exact_N5": 0.94208,
        "hoeffding_N5": 0.593430340259401,
        "exact_N9": 0.98041856,
        "hoeffding_N9": 0.8021013009163854,
        "exact_N15": 0.995760250290176,
        "hoeffding_N15": 0.9327944872602503,
        "exact_N21": 0.999030303561737,
        "hoeffding_N21": 0.977177308574907,
        "exact_N31": 0.9999118450479717,
        "hoeffding_N31": 0.9962274344812078,
        "exact_N63": 0.9999999493344846,
        "hoeffding_N63": 0.9999881122250378
      },
      {
        "base_accuracy": 0.85,
        "exact_N1": 0.85,
        "hoeffding_N1": 0.21729546175813186,
        "exact_N3": 0.93925,
        "hoeffding_N3": 0.5204945410251058,
        "exact_N5": 0.9733881249999999,
        "hoeffding_N5": 0.7062422996764671,
        "exact_N9": 0.9943713368945313,
        "hoeffding_N9": 0.8897494746955147,
        "exact_N15": 0.999390393192312,
        "hoeffding_N15": 0.9746505944772751,
        "exact_N21": 0.9999299048655795,
        "hoeffding_N21": 0.9941715256359924,
        "exact_N31": 0.9999979652326744,
        "hoeffding_N31": 0.9994970400433102,
        "exact_N63": 0.9999999999693334,
        "hoeffding_N63": 0.9999998020002364
      },
      {
        "base_accuracy": 0.9,
        "exact_N1": 0.9,
        "hoeffding_N1": 0.27385096292630917,
        "exact_N3": 0.972,
        "hoeffding_N3": 0.617107114024888,
        "exact_N5": 0.99144,
        "hoeffding_N5": 0.7981034820053446,
        "exact_N9": 0.99910908,
        "hoeffding_N9": 0.9438652371658663,
        "exact_N15": 0.999966375112032,
        "hoeffding_N15": 0.99177025295098,
        "exact_N21": 0.999998646935028,
        "hoeffding_N21": 0.998793461786042,
        "exact_N31": 0.999999993148797,
        "hoeffding_N31": 0.9999508188432149,
        "exact_N63": 0.9999999999999996,
        "hoeffding_N63": 0.9999999982436008
      },
      {
        "base_accuracy": 0.95,
        "exact_N1": 0.95,
        "hoeffding_N1": 0.3330231891415255,
        "exact_N3": 0.99275,
        "hoeffding_N3": 0.7032899857059547,
        "exact_N5": 0.998841875,
        "hoeffding_N5": 0.8680061568121697,
        "exact_N9": 0.9999667777929687,
        "hoeffding_N9": 0.9738785901460817,
        "exact_N15": 0.9999998170426622,
        "hoeffding_N15": 0.997700353813875,
        "exact_N21": 0.9999999989219021,
        "hoeffding_N21": 0.9997975464337134,
        "exact_N31": 0.9999999999997773,
        "hoeffding_N31": 0.9999964727781211,
        "exact_N63": 1.0,
        "hoeffding_N63": 0.999999999991702
      }
    ]
  },
  "proposition1_phase_transition": {
    "breakpoint_complexity": 12.952641364681101,
    "f_statistic": 7.2437484210978855,
    "f_pvalue": 0.008089037998664672,
    "piecewise_significant": "True",
    "slope_low_complexity": -0.0053622836379678546,
    "slope_high_complexity": -0.006932102885498866,
    "slope_ratio": 1.2927519977525705,
    "linear_r": -0.8530742027110064,
    "linear_p": 1.0936183756491914e-37
  }
}